{
  "OD_m": 0.3,
  "ID_m": 0.15,
  "Hc_m": 0.12,
  "Ac_m2": 0.009,
  "Aw_m2": 0.017671458676442587,
  "V_core_m3": 0.006361725123519331,
  "N1": 3933,
  "N2": 72,
  "R1_ohm": 517.4273503553756,
  "R2_ohm": 0.17222462254391532,
  "P_cu_W": 149.0,
  "P_fe_W": 58.4,
  "P_total_W": 207.4,
  "loss_density_cu_kWm3": 23.42,
  "loss_density_fe_kWm3": 9.18,
  "loss_density_total_kWm3": 32.6
}